mode,k,algorithm,scaled,accuracy,precision,recall,f1,silhouette
COMBINED,2,elkan,True,0.8398070753862149,0.6659445752350248,0.3748650577606582,0.47970223131459044,0.5815363526344299
